Order_ID,Distance_km,Weather,Traffic_Level,Time_of_Day,Vehicle_Type,Preparation_Time_min,Courier_Experience_yrs,Delivery_Time_min
1,8.1,Snowy,Medium,Night,Scooter,16,3.3,47.3
2,19.1,Foggy,Medium,Night,Bike,14,5.1,64.7
3,14.9,Rainy,Low,Morning,Bike,17,0.1,63.7
4,12.4,Foggy,Low,Evening,Car,15,0.6,49.4
5,4.0,Foggy,Medium,Morning,,26,4.8,39.7
6,4.0,Snowy,Low,Evening,Car,20,5.1,35.0
7,2.1,Foggy,Low,Night,Car,12,6.8,7.1
8,17.5,Snowy,Medium,Morning,Bike,12,1.2,67.5
9,12.4,Clear,Low,Evening,Scooter,29,4.6,46.3
10,14.5,Clear,High,Afternoon,Bike,12,1.8,55.9
11,1.4,Snowy,High,Evening,Scooter,17,0.8,37.9
12,19.4,Clear,High,Morning,Car,6,3.7,58.5
13,16.8,Rainy,High,Afternoon,Scooter,16,1.5,70.2
14,5.0,Foggy,Medium,Evening,Bike,14,2.0,41.5
15,4.5,Rainy,Medium,Evening,Bike,16,2.9,40.3
16,4.5,Foggy,Medium,Evening,Bike,15,2.3,41.5
17,6.8,Clear,High,Evening,Scooter,19,0.8,49.5
18,11.0,Rainy,High,Evening,Car,20,0.8,58.8
19,9.2,Clear,Low,Afternoon,Car,21,1.7,32.2
20,6.5,Foggy,Low,Night,Scooter,30,0.5,38.5
21,12.6,Snowy,High,Afternoon,Bike,6,5.6,55.8
22,3.7,Snowy,High,Afternoon,Car,22,2.6,43.8
23,6.6,Rainy,High,Afternoon,Bike,16,2.5,44.1
24,8.0,Clear,High,Night,Scooter,23,3.0,45.7
25,9.7,Clear,Low,Morning,Bike,30,6.0,38.4
26,15.9,Rainy,High,Night,Car,27,7.8,64.4
27,4.8,Snowy,,Afternoon,Car,22,6.8,31.3
28,10.8,Foggy,High,Evening,Bike,21,6.5,52.9
29,12.3,Rainy,High,Evening,Scooter,10,4.4,51.8
30,1.9,Foggy,High,Afternoon,Bike,29,6.2,41.2
31,12.5,Snowy,Low,Evening,Scooter,19,5.0,55.9
32,4.2,Clear,Low,Afternoon,Bike,7,1.9,22.2
33,2.2,Snowy,Medium,Evening,Car,10,1.9,33.0
34,19.0,Rainy,High,Night,Scooter,7,2.7,64.3
35,19.3,Clear,Medium,Morning,Scooter,5,8.2,55.7
36,16.4,Rainy,Medium,Morning,Scooter,17,4.9,61.2
37,6.8,Rainy,Low,Night,Car,25,6.6,32.7
38,2.9,Snowy,Low,Night,Bike,30,3.1,30.6
39,14.0,Rainy,Medium,Afternoon,Car,18,3.7,55.6
40,9.4,Snowy,High,Afternoon,Scooter,17,1.1,57.0
41,3.3,Clear,Low,Afternoon,Bike,8,1.5,25.6
42,10.4,Snowy,High,Evening,Car,11,7.4,49.5
43,1.7,Clear,High,Afternoon,Scooter,26,5.3,31.4
44,18.3,Snowy,Medium,Night,Scooter,14,3.0,67.6
45,5.9,Foggy,Medium,Morning,Car,11,7.2,31.3
46,13.6,Foggy,Medium,Evening,Car,25,2.2,54.8
47,6.9,Rainy,Medium,Afternoon,Car,19,8.8,38.9
48,10.9,Snowy,Low,Evening,Scooter,19,3.1,50.4
49,11.4,Snowy,Low,Evening,Car,8,3.0,43.5
50,4.5,Clear,Medium,Afternoon,Scooter,27,2.8,36.8
51,19.4,Rainy,Low,Evening,Car,27,1.1,67.8
52,15.7,Snowy,Medium,Morning,Scooter,10,1.0,63.8
53,18.9,Rainy,High,Night,Scooter,28,5.8,75.7
54,18.0,Foggy,High,Night,Bike,24,7.9,71.3
55,12.4,Snowy,High,Morning,Car,30,7.1,59.4
56,18.5,Snowy,Medium,Evening,Car,9,1.3,67.5
57,2.7,Rainy,High,Afternoon,Scooter,24,4.9,37.0
58,4.7,Snowy,Low,Evening,Scooter,16,1.0,39.0
59,1.9,Rainy,High,Morning,Scooter,5,0.4,31.5
60,7.2,Snowy,High,Evening,Bike,12,5.9,42.6
61,8.4,Clear,High,Night,Bike,5,4.8,34.3
62,6.2,Rainy,Low,Evening,Scooter,9,0.7,33.5
63,16.7,Snowy,Medium,Morning,Car,26,0.3,67.8
64,7.8,Foggy,Low,Night,Car,10,8.9,22.8
65,6.3,Snowy,Medium,Evening,Bike,25,0.3,50.5
66,11.3,Foggy,Medium,Evening,Bike,7,4.0,51.0
67,3.7,Foggy,High,Night,Scooter,19,4.5,35.1
68,16.2,Clear,Medium,Afternoon,Car,9,1.1,56.2
69,2.4,Rainy,Low,Night,Scooter,28,1.5,34.9
70,19.8,Snowy,Low,Afternoon,Bike,18,3.2,68.2
71,15.7,Clear,Medium,Morning,Car,22,6.9,53.6
72,4.8,Snowy,High,Morning,Car,20,4.6,42.3
73,1.1,Foggy,High,Night,Bike,10,5.7,27.5
74,16.5,Rainy,Low,Night,Scooter,29,8.9,58.2
75,14.4,Snowy,High,Morning,Scooter,28,6.9,68.3
76,14.9,Snowy,Medium,Afternoon,,18,3.9,54.4
77,15.7,Foggy,Medium,Morning,Bike,28,4.0,64.8
78,2.4,Snowy,Low,Night,Car,12,5.6,20.4
79,7.8,Snowy,Medium,Morning,Bike,11,6.0,44.1
80,3.2,Foggy,Low,Night,Scooter,12,4.5,21.2
81,17.4,Clear,Medium,Night,Bike,17,5.8,55.8
82,12.8,Foggy,Low,Morning,Scooter,10,0.2,46.7
83,7.3,Clear,High,Afternoon,Bike,22,3.9,50.7
84,2.2,Rainy,Medium,Evening,Car,6,2.5,22.7
85,6.9,Clear,Medium,Morning,Scooter,12,1.2,32.9
86,7.2,Clear,Low,Evening,Car,15,0.9,31.6
87,14.9,Rainy,Low,Morning,Car,5,5.4,41.2
88,13.1,Clear,Medium,Evening,Scooter,26,4.7,50.2
89,17.9,Foggy,Low,Afternoon,Scooter,10,2.3,60.7
90,10.0,Clear,Medium,Afternoon,Car,20,4.2,41.2
91,3.3,Rainy,High,Morning,Car,24,4.4,36.4
92,14.6,Foggy,Low,Night,Car,16,1.8,52.3
93,15.5,Rainy,Medium,Evening,Car,15,5.9,57.7
94,11.7,Rainy,High,Night,Scooter,14,7.0,48.7
95,15.6,Snowy,High,Night,Scooter,7,7.1,57.7
96,10.4,Snowy,Medium,Night,Car,17,5.4,44.0
97,10.9,Rainy,Low,Afternoon,Bike,7,4.6,45.7
98,9.1,Rainy,Medium,Morning,Bike,19,0.5,49.8
99,1.5,Rainy,High,Morning,Scooter,20,2.6,31.7
100,3.0,Snowy,Medium,Afternoon,Car,17,0.8,28.7
101,1.6,Snowy,Low,Afternoon,Car,21,8.7,26.3
102,13.1,Clear,High,Morning,Scooter,7,1.2,49.3
103,7.0,Clear,Medium,Night,Bike,24,1.4,44.4
104,10.7,Rainy,Low,Evening,Bike,15,8.0,44.0
105,18.2,Foggy,High,Evening,Bike,25,8.5,71.4
106,5.7,Foggy,Low,Evening,Scooter,23,6.9,34.0
107,8.8,Snowy,High,Night,Bike,26,0.0,63.9
108,15.4,Snowy,Medium,Morning,Scooter,15,0.0,57.7
109,5.3,Snowy,Low,Afternoon,Scooter,20,3.4,35.3
110,2.5,Rainy,High,Morning,Car,25,1.3,41.2
111,6.5,Foggy,Low,Night,Bike,7,0.2,28.8
112,4.1,Clear,Low,Afternoon,Scooter,26,4.2,33.9
113,18.7,Rainy,Medium,Night,Bike,10,8.5,61.6
114,16.4,Clear,Low,Evening,Bike,18,2.9,58.0
115,13.0,Clear,High,Evening,Car,28,6.0,55.6
116,17.6,Rainy,High,Night,Bike,22,5.9,64.9
117,16.3,Clear,High,Afternoon,Car,21,2.3,64.0
118,4.5,Foggy,High,Afternoon,Scooter,8,5.9,42.6
119,18.0,Clear,Medium,Morning,Bike,27,1.9,67.9
120,11.2,Foggy,Low,Evening,Scooter,19,1.1,43.7
121,16.3,Foggy,Medium,Morning,Bike,15,6.3,59.3
122,18.0,Foggy,Low,Morning,Scooter,30,1.0,68.1
123,7.0,Snowy,Low,Night,Bike,7,9.0,26.9
124,3.1,Clear,Low,Night,Bike,7,1.7,19.4
125,5.3,Rainy,Medium,Morning,Bike,20,5.3,36.6
126,9.1,Rainy,Low,Evening,Bike,9,3.7,39.6
127,16.5,Clear,Medium,Night,Bike,25,1.1,62.5
128,17.4,Snowy,High,Morning,Bike,14,0.3,70.0
129,1.1,Snowy,High,Morning,Bike,23,5.6,34.5
130,10.7,Foggy,Low,Morning,Bike,29,7.3,47.2
131,8.9,Clear,Medium,Morning,Bike,8,7.6,34.7
132,5.2,Clear,High,Morning,Scooter,23,4.3,38.5
133,3.3,Rainy,Medium,Morning,Car,15,7.0,26.3
134,7.4,Clear,Medium,Night,Bike,6,6.1,26.8
135,18.9,Snowy,Low,Evening,Car,14,6.5,59.6
136,7.1,Clear,High,Morning,Bike,15,4.4,40.9
137,10.9,Rainy,Low,Afternoon,Bike,29,5.7,51.1
138,14.4,Foggy,Low,Night,Scooter,24,7.2,50.5
139,7.9,Rainy,High,Night,Scooter,20,3.6,51.1
140,19.5,Rainy,High,Morning,Car,23,7.3,68.8
141,19.3,Foggy,Medium,Night,Scooter,27,5.3,70.6
142,5.8,Rainy,High,Morning,Scooter,28,1.5,48.6
143,10.4,Rainy,,Evening,Car,15,0.2,48.6
144,6.7,Clear,Medium,Evening,Scooter,18,3.3,39.3
145,6.4,Clear,Medium,Night,Bike,6,4.9,32.5
146,1.7,Foggy,High,Night,Car,27,7.6,32.5
147,12.6,Clear,Low,Afternoon,Car,9,1.1,40.0
148,10.6,Clear,Medium,Night,Bike,9,7.2,34.9
149,2.0,Rainy,Low,Afternoon,Scooter,23,7.8,27.1
150,6.3,Snowy,Low,Evening,Car,25,1.4,38.8
151,18.3,Clear,High,,Car,16,7.7,58.7
152,5.6,Snowy,Low,Morning,Bike,22,8.9,31.1
153,3.8,Clear,Low,Evening,Bike,8,6.5,23.1
154,10.3,Clear,High,Afternoon,Scooter,26,7.1,54.3
155,19.7,Foggy,Medium,Night,Car,21,8.9,56.8
156,5.6,Foggy,Low,Morning,Scooter,14,5.4,33.8
157,13.8,Foggy,High,Afternoon,Scooter,24,2.8,66.3
158,15.5,Snowy,Low,Night,Bike,10,7.5,45.7
159,5.5,Rainy,Low,Morning,Car,29,5.5,32.1
160,14.8,Clear,Medium,Evening,,18,5.2,48.9
161,8.0,Clear,Low,Afternoon,Car,15,2.3,33.7
162,13.0,Clear,High,Night,Bike,15,6.8,48.6
163,13.0,Snowy,Low,Morning,Bike,22,0.7,51.8
164,11.2,Foggy,Medium,Morning,Bike,27,8.3,50.1
165,2.7,Rainy,Medium,Evening,Bike,26,2.9,44.6
166,16.9,Snowy,High,Night,Bike,22,1.1,72.9
167,7.1,Foggy,Medium,Evening,Car,28,4.0,45.5
168,4.5,Snowy,Low,Evening,Scooter,27,0.4,43.6
169,1.8,Rainy,Medium,Night,Car,15,6.2,18.0
170,12.2,Foggy,High,Night,Scooter,25,8.1,51.7
171,13.9,Snowy,Medium,Night,Bike,16,7.5,54.4
172,1.3,Rainy,Medium,Afternoon,Scooter,9,1.1,26.2
173,10.7,Clear,Medium,Night,Car,27,1.1,51.9
174,5.3,Rainy,High,Morning,Car,13,7.3,30.5
175,13.3,,Medium,Evening,Scooter,29,8.3,51.6
176,4.3,Snowy,Medium,Afternoon,Bike,13,4.1,38.5
177,14.1,Foggy,Low,Night,Bike,26,4.5,51.8
178,8.3,Foggy,High,Afternoon,Car,14,2.9,35.7
179,18.8,Snowy,Medium,Night,Scooter,26,8.0,72.6
180,3.6,Foggy,High,Afternoon,Bike,23,5.8,38.0
181,7.5,Foggy,Medium,Evening,Bike,5,2.6,42.6
182,3.2,Clear,Medium,Evening,Car,11,2.7,22.7
183,18.6,Snowy,Medium,Morning,Bike,8,8.0,58.7
184,17.7,Rainy,Low,Morning,Scooter,5,0.1,50.5
185,5.9,Clear,Low,Night,Car,19,2.9,24.4
186,13.5,Snowy,Low,Evening,Car,12,5.0,45.8
187,16.5,Clear,High,Afternoon,Scooter,16,1.3,63.4
188,11.5,Rainy,High,Afternoon,Car,26,0.8,58.1
189,11.1,Rainy,Low,Afternoon,Bike,26,7.3,43.8
190,5.6,Snowy,High,Morning,Bike,22,8.0,43.7
191,2.8,Rainy,Medium,Afternoon,Scooter,19,7.4,34.9
192,18.0,Clear,Medium,Morning,Bike,21,8.1,63.8
193,18.1,Rainy,Medium,Morning,Scooter,18,5.0,64.5
194,13.0,Clear,Low,Night,Scooter,18,7.3,42.5
195,7.4,Clear,High,Afternoon,Bike,22,3.5,53.8
196,7.6,Rainy,Low,Afternoon,Scooter,24,6.0,40.7
197,14.8,Snowy,High,Evening,Bike,22,8.9,68.8
198,18.0,Foggy,Medium,Night,Car,20,2.0,56.5
199,17.9,Rainy,Low,Evening,Car,5,3.5,49.7
200,15.8,Clear,High,Night,Scooter,27,4.3,62.8
201,13.2,Clear,High,Afternoon,Bike,15,1.2,56.1
202,2.6,Rainy,Medium,Morning,Bike,19,0.7,33.5
203,4.1,Snowy,Low,Morning,Car,16,7.5,22.2
204,18.1,Snowy,Low,Morning,Car,12,8.8,47.1
205,12.5,Clear,Low,Morning,Bike,26,3.6,46.7
206,1.2,Clear,Medium,Morning,Scooter,24,0.8,30.7
207,2.9,Snowy,Low,Evening,,10,0.6,33.5
208,13.6,Foggy,Medium,Night,Scooter,7,8.0,46.7
209,1.1,Rainy,Medium,Afternoon,Scooter,28,4.2,35.5
210,4.1,Clear,Medium,Evening,Car,30,2.9,31.9
211,11.4,Clear,High,Night,Scooter,17,4.3,49.5
212,14.1,Snowy,Low,Morning,Scooter,17,2.9,52.7
213,13.4,Rainy,Low,Night,Bike,6,4.4,45.2
214,5.3,Snowy,Medium,Night,Scooter,9,7.7,29.9
215,14.5,Rainy,Medium,Morning,Bike,21,5.3,63.6
216,5.5,Rainy,Low,Morning,Car,10,6.3,24.2
217,7.2,Rainy,Medium,Morning,Car,6,3.3,33.6
218,15.2,Clear,Low,Afternoon,Bike,8,6.6,39.4
219,13.3,Foggy,High,Morning,Car,26,6.0,56.5
220,17.1,Snowy,Medium,Afternoon,Scooter,30,1.1,76.0
221,13.5,Foggy,Low,Morning,Scooter,15,5.2,47.6
222,11.8,Snowy,Medium,Afternoon,Scooter,12,2.3,45.9
223,2.8,Rainy,Low,Night,Car,16,7.2,18.0
224,8.0,Clear,Low,Evening,Scooter,12,3.8,39.4
225,6.0,Foggy,Medium,Night,Car,15,9.0,27.7
226,5.6,Clear,High,Night,Scooter,26,0.8,44.8
227,19.5,Snowy,Low,Morning,Bike,24,7.0,71.0
228,8.5,Clear,Low,Afternoon,Car,12,6.1,27.9
229,17.9,Clear,Low,Evening,Car,12,6.9,51.8
230,13.0,Foggy,High,Morning,Scooter,30,2.8,64.8
231,16.1,Rainy,High,Morning,Car,21,4.4,64.6
232,10.6,Clear,Medium,Morning,Car,24,7.2,42.4
233,12.0,Rainy,High,Night,Bike,24,2.1,59.7
234,10.4,Snowy,Medium,Afternoon,Bike,27,2.0,57.0
235,4.7,Clear,Medium,Afternoon,Scooter,20,5.0,30.3
236,14.7,Foggy,High,Evening,Bike,18,4.7,60.3
237,6.3,Snowy,Medium,Afternoon,Scooter,15,2.5,45.7
238,1.5,Snowy,High,Afternoon,Scooter,11,2.7,35.0
239,13.3,Foggy,Medium,Morning,Scooter,20,2.5,58.5
240,4.4,Clear,High,Morning,Car,17,6.9,35.1
241,18.9,Clear,High,Night,Bike,19,5.9,66.7
242,19.1,Snowy,Medium,Morning,Scooter,28,7.5,65.8
243,18.4,Clear,Low,Morning,Bike,20,8.8,54.0
244,8.0,Rainy,Medium,Morning,Scooter,25,4.3,43.6
245,1.3,Foggy,High,Morning,Bike,27,0.6,35.5
246,18.6,Rainy,Low,Night,Bike,28,0.4,66.8
247,9.1,Clear,Medium,Morning,Scooter,13,2.7,39.6
248,19.4,Snowy,Medium,Evening,Car,7,8.4,58.2
249,19.3,Foggy,Medium,Evening,Bike,23,4.7,69.8
250,17.2,Clear,Low,Evening,Car,24,2.4,53.2
251,6.6,Clear,,Evening,Car,9,3.6,37.6
252,8.3,Snowy,Medium,Morning,Scooter,14,5.4,48.0
253,17.2,Snowy,Medium,Evening,Scooter,21,5.9,70.7
254,7.0,Rainy,Medium,Morning,Scooter,19,1.4,45.1
255,4.2,Foggy,Medium,Night,Bike,27,8.8,37.0
256,11.6,Foggy,Medium,Evening,Scooter,29,4.9,56.1
257,18.8,Snowy,High,Afternoon,Scooter,12,1.2,67.5
258,14.2,Rainy,High,Evening,Bike,19,8.0,61.9
259,11.8,Foggy,Medium,Evening,Bike,25,0.7,57.6
260,2.8,Snowy,Low,Morning,Scooter,18,8.2,25.9
261,12.7,Clear,,Evening,Scooter,24,9.0,59.0
262,19.8,Foggy,Low,Afternoon,Scooter,11,6.3,63.4
263,3.7,Rainy,High,Morning,Scooter,25,6.9,39.7
264,10.8,Rainy,Medium,Morning,Car,27,3.0,45.4
265,17.7,Rainy,High,Night,Car,16,8.5,59.8
266,15.1,Clear,Medium,Night,Scooter,21,4.8,53.6
267,14.2,Foggy,High,Evening,Car,21,6.6,61.0
268,14.3,Foggy,Medium,Night,Bike,14,8.3,50.6
269,7.8,Clear,Medium,Night,Car,23,8.8,32.9
270,6.6,Foggy,Medium,Night,Car,18,7.5,30.1
271,16.4,Clear,Medium,Morning,Scooter,15,2.7,55.1
272,16.4,Clear,Low,Morning,Car,6,8.7,40.7
273,17.5,Clear,Medium,Morning,Car,22,5.7,50.1
274,18.4,Rainy,,Night,Car,11,8.4,47.9
275,10.7,Foggy,Low,Morning,Car,16,6.1,38.9
276,10.5,Clear,Medium,Night,Bike,30,2.8,56.2
277,16.2,Foggy,Low,Morning,Scooter,6,3.3,47.9
278,13.3,Rainy,High,Morning,Scooter,24,5.0,64.3
279,14.3,Clear,Medium,Afternoon,Bike,22,7.1,59.3
280,16.1,Snowy,Low,Evening,Car,10,2.9,52.8
281,17.9,Rainy,Medium,Night,Bike,28,5.2,66.4
282,7.4,,Medium,Afternoon,Car,14,3.1,39.8
283,8.1,Foggy,Medium,Morning,Bike,24,7.3,43.7
284,2.8,Foggy,Low,Night,Scooter,19,4.2,28.3
285,12.0,Rainy,High,Morning,Scooter,9,0.7,52.4
286,1.7,Foggy,High,Evening,Scooter,24,1.5,45.8
287,9.8,Snowy,Low,Afternoon,Car,7,0.5,36.9
288,11.3,Clear,Medium,Evening,Car,9,4.5,37.4
289,6.4,Clear,Low,Afternoon,Bike,29,1.0,42.3
290,12.2,Clear,Low,Morning,Bike,12,1.0,47.9
291,1.6,Rainy,Low,Evening,Scooter,12,8.5,21.5
292,1.7,Foggy,Medium,Evening,Car,12,7.9,24.0
293,16.6,Snowy,Low,Morning,Bike,16,4.1,64.6
294,7.8,Foggy,Medium,Evening,Car,28,8.9,45.6
295,3.4,Foggy,Low,Night,Car,27,0.0,30.4
296,10.9,Foggy,High,Afternoon,Scooter,12,5.5,48.6
297,15.6,Clear,Low,Afternoon,Scooter,15,5.5,51.4
298,5.1,Snowy,Low,Afternoon,Car,18,4.1,34.0
299,12.8,Snowy,High,Night,Car,12,3.6,54.7
300,2.6,Foggy,Medium,Afternoon,Car,28,4.1,31.8
301,2.0,Clear,Medium,Morning,Car,14,3.7,21.3
302,11.1,Clear,Low,Evening,Scooter,11,6.6,37.5
303,11.3,Snowy,High,Night,Bike,21,1.2,60.3
304,13.1,Clear,Medium,Afternoon,Scooter,8,1.8,45.9
305,14.8,Clear,Low,Morning,Bike,17,1.6,52.2
306,19.5,Clear,High,Evening,Car,8,2.4,62.7
307,10.8,Rainy,Medium,Evening,Bike,9,4.7,49.5
308,7.1,Foggy,Medium,Night,Scooter,30,1.0,40.3
309,16.1,Snowy,High,Night,Scooter,26,7.8,64.5
310,6.1,Snowy,High,Night,Car,8,2.7,41.5
311,9.3,Rainy,High,Morning,Scooter,22,1.5,51.5
312,2.5,Foggy,High,Morning,Car,10,6.1,28.6
313,1.5,Snowy,Low,Night,Scooter,28,0.3,30.1
314,19.3,Clear,High,Afternoon,Scooter,28,5.6,74.0
315,16.9,Snowy,Medium,Evening,Car,27,6.3,64.7
316,14.2,Clear,Medium,Evening,Bike,26,1.9,61.0
317,8.8,Rainy,Low,Morning,Scooter,6,0.4,37.0
318,4.3,Clear,Medium,Evening,Bike,27,3.3,36.5
319,4.0,Snowy,Medium,Afternoon,Scooter,15,0.9,41.3
320,5.8,Snowy,High,Evening,Scooter,18,1.0,54.4
321,11.4,Snowy,Medium,Morning,Scooter,9,2.3,48.1
322,14.6,Rainy,Low,Morning,Scooter,10,2.7,50.6
323,13.5,Rainy,High,Afternoon,Bike,14,4.8,62.1
324,6.3,Foggy,High,Afternoon,Bike,12,6.1,41.5
325,19.1,Snowy,Low,Evening,Scooter,18,5.3,61.6
326,15.0,Clear,High,Evening,Scooter,28,1.3,72.8
327,11.5,Rainy,High,Morning,Bike,7,1.5,52.9
328,12.6,Snowy,Low,Afternoon,Car,16,7.9,41.5
329,9.0,Snowy,High,Afternoon,Car,20,5.0,54.8
330,5.7,Rainy,Low,Afternoon,Bike,27,7.8,38.7
331,7.8,Foggy,Low,Evening,Scooter,21,3.3,42.0
332,15.4,Rainy,Medium,Afternoon,Scooter,5,5.5,49.3
333,1.3,Rainy,Medium,Morning,Car,27,4.7,31.5
334,3.2,Clear,High,Morning,Car,14,2.9,38.4
335,1.9,Clear,High,Evening,Bike,29,4.2,43.3
336,1.8,Foggy,Low,Night,Car,27,4.5,24.8
337,17.3,Snowy,High,Evening,Bike,14,1.8,76.4
338,14.4,Rainy,Low,Night,Car,25,2.8,50.3
339,10.0,Foggy,Low,Afternoon,Car,28,7.1,39.9
340,2.9,Clear,High,Evening,Car,6,8.2,23.2
341,10.3,Rainy,Low,Morning,Scooter,13,3.2,39.2
342,10.0,Snowy,Medium,Afternoon,Scooter,26,2.8,53.4
343,4.3,Clear,High,Morning,Scooter,17,1.8,36.2
344,9.2,Clear,Medium,Afternoon,Car,29,6.1,41.8
345,8.6,Clear,High,Evening,Bike,20,2.9,50.9
346,12.7,Foggy,Low,Night,Bike,22,8.9,46.2
347,13.1,Snowy,High,Afternoon,Bike,23,2.9,66.8
348,1.9,Rainy,Medium,Night,Bike,16,3.5,30.9
349,8.1,Foggy,Low,Afternoon,Scooter,12,5.4,38.7
350,12.9,Foggy,High,Morning,Scooter,21,7.2,56.0
351,10.6,Foggy,High,Morning,Car,19,4.2,56.1
352,17.3,Clear,High,Afternoon,Car,14,3.8,60.6
353,13.5,Snowy,Medium,Night,Bike,19,9.0,52.4
354,4.1,Foggy,Medium,Evening,Scooter,19,0.1,44.1
355,2.3,Rainy,High,Evening,Bike,27,8.1,41.3
356,13.2,Snowy,Low,Morning,Car,11,1.3,39.4
357,1.5,Rainy,Low,Evening,Car,17,7.1,21.1
358,12.1,Snowy,Medium,Morning,Bike,21,5.6,54.6
359,18.9,Rainy,Low,Evening,Car,13,3.1,63.9
360,11.9,Clear,Medium,Afternoon,Bike,12,7.9,41.4
361,8.4,Foggy,High,Morning,Scooter,24,0.1,52.4
362,13.2,Rainy,Medium,Morning,Bike,30,2.0,66.4
363,9.7,Snowy,Medium,Afternoon,Scooter,25,5.1,52.7
364,11.4,Foggy,High,Morning,Scooter,22,3.2,55.8
365,18.9,Foggy,Low,Evening,Car,17,5.5,55.7
366,8.3,Snowy,,Evening,Car,20,0.2,50.3
367,19.3,Rainy,Medium,Morning,Car,13,1.0,63.5
368,18.2,Clear,High,Evening,Bike,16,1.1,69.2
369,4.7,Clear,Low,Night,Bike,16,1.7,26.6
370,2.3,Rainy,Medium,Morning,Car,10,4.1,21.6
371,2.9,Foggy,High,Afternoon,Bike,23,6.8,36.0
372,1.3,Foggy,Medium,Night,Car,11,8.1,20.0
373,2.8,Foggy,High,Morning,Bike,29,7.5,42.3
374,14.0,Foggy,Low,Afternoon,Scooter,7,1.8,49.9
375,2.4,Rainy,Low,Evening,Scooter,20,4.0,29.9
376,7.1,Foggy,Low,Afternoon,Car,22,1.8,35.6
377,17.1,Snowy,Low,Night,Bike,20,2.4,61.3
378,1.4,Foggy,Medium,Evening,Bike,27,4.5,39.6
379,16.5,Clear,Medium,Morning,Scooter,11,0.6,50.7
380,6.4,Foggy,Low,Evening,Scooter,8,2.0,31.9
381,3.2,Rainy,Low,Morning,Car,29,8.4,23.4
382,14.2,Clear,Low,Morning,Scooter,12,4.2,47.9
383,12.9,Rainy,Medium,Afternoon,Car,17,4.0,49.1
384,17.7,Rainy,Low,Afternoon,Scooter,17,0.1,56.8
385,15.0,Clear,Low,Afternoon,Scooter,21,2.2,52.9
386,16.3,Rainy,Low,Night,Bike,21,7.8,53.3
387,6.4,Rainy,High,Night,Scooter,9,1.5,39.6
388,4.4,Foggy,Low,Afternoon,Scooter,10,3.7,24.8
389,15.3,Snowy,High,Night,Car,23,0.1,64.3
390,16.3,Rainy,High,Evening,Scooter,17,4.3,69.6
391,19.8,Rainy,Low,Evening,Car,29,0.2,71.1
392,8.8,Rainy,High,Night,Scooter,30,7.4,50.5
393,8.1,Foggy,Low,Night,Scooter,18,7.4,29.9
394,15.8,Snowy,Medium,Evening,Car,26,7.1,61.7
395,7.5,Clear,Medium,Morning,Bike,8,2.6,37.1
396,18.7,Foggy,Medium,Evening,Car,11,7.5,59.1
397,17.3,Foggy,Medium,Evening,Car,12,4.9,58.3
398,9.2,Snowy,High,Night,Car,29,3.4,50.9
399,15.3,Snowy,Low,Evening,Bike,17,5.6,51.1
400,15.3,Foggy,Low,Night,Scooter,10,0.1,55.9
401,3.0,Clear,Low,Night,Car,10,1.3,13.8
402,18.1,Foggy,Medium,Afternoon,Car,28,6.7,57.4
403,10.6,Snowy,Medium,Evening,Bike,25,2.2,60.1
404,16.7,Clear,Low,Morning,Car,7,5.4,37.8
405,7.1,Snowy,Medium,Afternoon,Scooter,7,3.5,36.8
406,18.0,Clear,Low,Night,Bike,17,7.7,53.9
407,8.4,Rainy,Low,Night,Scooter,26,8.6,42.8
408,1.2,Snowy,Low,Morning,Scooter,6,8.0,18.0
409,18.2,Snowy,Low,Night,Bike,20,2.4,63.0
410,2.7,Foggy,Low,Evening,Car,26,1.7,30.9
411,7.1,Snowy,Low,Afternoon,Scooter,10,4.3,29.5
412,19.1,Snowy,Low,Night,Scooter,12,0.1,61.1
413,19.1,Rainy,Medium,Night,Scooter,27,0.2,70.8
414,11.9,Snowy,Low,Morning,Scooter,12,5.0,44.8
415,13.0,Rainy,Low,Evening,Bike,29,4.7,63.4
416,9.5,Rainy,Medium,Night,Bike,10,9.0,33.4
417,6.6,Rainy,Medium,Morning,Scooter,18,1.8,40.3
418,7.2,Rainy,Medium,Night,Car,7,2.3,27.9
419,13.8,Clear,Low,Morning,Scooter,14,1.0,45.0
420,15.3,Foggy,High,Morning,Car,7,8.3,48.0
421,16.0,Clear,High,Evening,Scooter,16,7.0,55.7
422,16.0,Snowy,Medium,Night,Car,21,7.4,58.9
423,2.7,Clear,High,Evening,Scooter,9,8.1,29.0
424,10.4,Clear,Medium,Morning,Car,24,4.7,45.3
425,2.1,Snowy,Low,Afternoon,Scooter,29,4.1,31.6
426,11.4,Snowy,High,Night,Scooter,13,3.0,54.2
427,9.4,Snowy,Low,Afternoon,Car,25,5.3,47.5
428,17.9,Clear,High,Night,Bike,30,4.1,70.8
429,7.7,Clear,Low,Evening,Car,24,4.1,38.1
430,3.2,Snowy,High,Evening,Bike,11,8.4,36.1
431,3.7,Foggy,Low,Evening,Scooter,26,8.9,32.5
432,15.5,Foggy,Low,Evening,Car,8,7.2,43.7
433,12.7,Rainy,High,Evening,Car,17,6.8,49.2
434,2.9,Snowy,Low,Afternoon,Car,17,6.1,24.8
435,2.6,Rainy,Low,Evening,Bike,14,1.5,30.1
436,14.3,Foggy,Low,Morning,Bike,22,0.5,51.7
437,2.4,Rainy,High,Morning,Scooter,21,6.2,36.1
438,16.6,Snowy,High,Afternoon,Bike,24,6.6,68.7
439,14.4,Snowy,Low,Night,Bike,24,0.4,69.0
440,2.5,Snowy,Low,Morning,Scooter,17,8.4,19.8
441,2.6,Clear,High,Night,Car,21,0.8,28.6
442,19.7,Rainy,High,Afternoon,Car,26,2.6,77.6
443,8.1,Foggy,Low,Night,Scooter,8,6.1,29.3
444,8.0,Foggy,Low,Night,Car,5,1.5,31.4
445,16.4,Foggy,Low,Night,Bike,5,0.5,53.4
446,19.0,Clear,Medium,Night,Scooter,19,3.0,60.3
447,19.7,Clear,High,Afternoon,Scooter,17,6.9,62.4
448,15.3,Snowy,Medium,Morning,Scooter,21,3.7,64.8
449,8.1,Foggy,High,Evening,Car,28,5.9,46.0
450,2.6,Clear,High,Night,Scooter,30,5.2,37.5
451,15.8,Snowy,High,Morning,Scooter,12,0.2,69.2
452,11.6,Foggy,High,Morning,Scooter,22,8.9,51.8
453,9.1,Rainy,High,Afternoon,Car,17,0.4,49.5
454,18.2,Snowy,High,Morning,Bike,27,8.7,70.5
455,3.1,Clear,High,Afternoon,Scooter,18,4.9,35.1
456,10.4,Clear,Medium,Night,Bike,12,8.7,29.1
457,1.2,Snowy,Low,Night,Car,12,1.0,23.3
458,9.9,Snowy,Low,Evening,Car,30,4.4,49.1
459,2.1,Clear,Medium,Evening,Car,19,1.5,28.1
460,3.3,Rainy,Medium,Evening,Car,17,0.5,35.9
461,3.2,Foggy,Medium,Morning,Bike,11,5.6,25.1
462,13.3,Rainy,Medium,Night,Scooter,9,1.9,43.2
463,15.2,Snowy,High,Afternoon,Car,21,5.3,64.5
464,12.1,Rainy,Low,Evening,Car,29,1.0,57.6
465,19.3,Clear,High,Afternoon,Bike,20,3.0,66.9
466,8.1,Snowy,Low,Afternoon,Bike,27,7.0,41.4
467,6.4,Foggy,Low,Evening,Car,6,3.9,30.3
468,17.5,Clear,Medium,Night,Scooter,26,5.6,61.0
469,5.2,Clear,High,Evening,Scooter,22,5.8,50.1
470,19.3,Foggy,Medium,Afternoon,Car,21,7.6,65.1
471,1.2,Foggy,High,Evening,Bike,11,2.9,37.7
472,19.4,Rainy,,Afternoon,Car,17,6.2,55.1
473,1.8,Snowy,Medium,Afternoon,Car,22,8.7,29.3
474,17.9,Foggy,Medium,Evening,Bike,18,6.6,69.9
475,11.0,Foggy,Low,Morning,Car,22,4.4,41.0
476,19.9,Snowy,Low,Evening,Car,17,5.7,62.5
477,2.4,Foggy,Low,Morning,Car,15,6.7,18.9
478,11.5,Foggy,Medium,Afternoon,Bike,25,5.5,52.0
479,19.4,Rainy,High,Afternoon,Scooter,25,0.2,79.6
480,10.9,Clear,Medium,Morning,Scooter,20,1.8,48.2
481,13.0,Clear,High,Afternoon,Bike,27,7.3,63.0
482,14.2,Clear,Medium,Morning,Scooter,21,2.5,53.7
483,9.6,Clear,Medium,Morning,Car,12,6.6,36.3
484,12.9,Foggy,Low,Afternoon,Scooter,23,3.3,50.3
485,12.1,Snowy,High,Night,Car,24,4.7,58.4
486,18.1,Snowy,Medium,Morning,Scooter,19,0.6,68.3
487,1.9,Rainy,Medium,Evening,Bike,13,1.6,36.3
488,6.3,Rainy,Low,Evening,Scooter,24,8.6,38.3
489,19.1,Foggy,Low,Afternoon,Scooter,14,8.0,52.8
490,17.9,Snowy,High,Night,Scooter,16,5.9,70.4
491,9.7,Snowy,,Afternoon,Bike,25,4.1,53.8
492,12.8,Clear,High,Night,Scooter,27,6.1,53.7
493,6.3,Foggy,Medium,Morning,Bike,24,5.6,39.4
494,4.6,Foggy,High,Morning,Car,5,5.1,30.7
495,9.8,Clear,Low,Morning,Scooter,29,0.5,45.2
496,7.7,Foggy,Medium,Morning,Bike,24,5.7,45.5
497,12.1,Foggy,High,Evening,Bike,13,6.9,56.9
498,2.5,Rainy,Low,Evening,Scooter,26,8.9,30.7
499,19.5,Snowy,Low,Afternoon,Car,19,0.1,73.7
500,19.7,Foggy,High,Night,Bike,5,6.6,64.5
501,14.3,Rainy,Medium,Morning,Scooter,16,5.1,51.9
502,11.2,Snowy,Medium,Morning,Car,7,3.9,37.5
503,6.9,Clear,Low,Night,Bike,15,1.1,29.8
504,16.5,Rainy,Medium,Night,Bike,6,3.7,60.1
505,14.0,Rainy,Medium,Afternoon,Car,20,3.2,57.0
506,4.1,Snowy,Medium,Night,Car,13,2.7,27.3
507,18.3,Clear,Low,Morning,Scooter,19,6.6,61.1
508,16.6,Rainy,High,Morning,Scooter,16,6.3,64.0
509,19.0,Foggy,Medium,Morning,Bike,5,5.3,61.3
510,14.8,Foggy,Low,Morning,Car,17,8.4,50.7
511,12.7,,Low,Morning,Car,18,3.1,49.5
512,8.9,Clear,High,Afternoon,Car,29,2.2,52.3
513,18.7,Rainy,Medium,Morning,Bike,29,5.9,73.1
514,17.5,Foggy,Medium,Afternoon,Car,12,1.8,61.5
515,1.9,Clear,High,Morning,Car,12,2.8,25.4
516,1.5,Foggy,High,Evening,Bike,16,2.0,39.6
517,8.2,Snowy,Low,Evening,Scooter,5,0.6,41.7
518,16.4,Rainy,Low,Evening,Scooter,15,7.4,53.9
519,19.8,Rainy,High,Evening,Bike,12,2.3,73.2
520,3.9,Clear,Medium,Afternoon,Car,14,4.3,25.3
521,12.3,Clear,Low,Afternoon,Bike,23,0.4,47.9
522,8.2,Rainy,Low,Night,Scooter,15,6.3,34.1
523,19.4,Foggy,Medium,Morning,Scooter,11,3.0,57.9
524,17.0,Foggy,Low,Evening,Bike,15,6.7,58.1
525,16.9,Snowy,Medium,Afternoon,Bike,21,3.7,63.1
526,9.9,Foggy,,Morning,Scooter,5,1.8,40.4
527,8.9,Clear,Medium,Morning,Bike,30,4.6,49.0
528,6.2,Clear,High,Afternoon,Scooter,25,1.2,48.7
529,2.1,Foggy,High,Evening,Bike,25,4.0,44.5
530,17.4,Clear,High,Night,Bike,12,2.9,63.6
531,16.4,Rainy,Medium,Morning,Bike,27,8.2,59.7
532,20.0,Rainy,Medium,Night,Scooter,28,0.5,77.1
533,19.9,Foggy,High,Evening,Bike,10,6.2,68.0
534,11.6,Rainy,Low,Evening,Scooter,26,1.6,57.1
535,15.6,Rainy,Medium,Night,Scooter,22,2.9,62.2
536,19.0,Snowy,Low,Evening,Bike,10,3.7,68.5
537,17.1,Snowy,Low,Morning,Bike,9,8.2,53.5
538,5.7,Rainy,Medium,Night,Scooter,17,2.2,35.4
539,9.6,Foggy,Medium,Evening,Scooter,23,0.8,49.0
540,3.5,Snowy,Low,Night,Car,26,2.9,27.2
541,19.1,Clear,Low,Morning,Scooter,12,0.9,51.9
542,12.5,Clear,High,Evening,Car,13,1.2,56.0
543,5.3,Clear,High,Morning,Car,21,5.2,38.6
544,13.8,Foggy,Medium,Evening,Car,7,0.5,53.4
545,12.7,Rainy,High,Afternoon,Bike,23,0.3,65.7
546,7.8,Clear,High,Evening,Bike,15,6.4,51.2
547,3.2,Foggy,High,Night,Scooter,28,3.3,40.4
548,13.8,Snowy,High,Evening,Car,21,1.1,66.2
549,10.9,Rainy,Low,Morning,Bike,25,2.3,50.2
550,15.7,Snowy,Medium,Morning,Bike,23,5.8,62.7
551,10.9,Foggy,High,Evening,Bike,6,2.5,55.5
552,17.2,Clear,Low,Night,Bike,12,4.5,49.0
553,11.5,Clear,Low,,Bike,23,1.1,46.5
554,11.7,Foggy,Low,Night,Car,11,5.3,38.3
555,17.7,Clear,High,Afternoon,Car,21,2.8,62.9
556,8.7,Rainy,High,Morning,Car,10,5.6,41.7
557,3.5,Foggy,Medium,Night,Car,23,7.3,26.8
558,1.5,Snowy,High,Afternoon,Scooter,28,5.5,40.3
559,15.3,Foggy,High,Evening,Car,10,2.7,57.5
560,12.8,Rainy,Low,Morning,Bike,6,2.3,43.8
561,14.4,Rainy,Medium,Evening,Car,10,2.9,51.0
562,5.0,Foggy,High,Morning,Scooter,27,1.5,49.0
563,3.6,Foggy,High,Night,Bike,9,1.6,36.8
564,1.3,Clear,Low,Night,Car,23,7.1,18.2
565,7.7,Rainy,Low,Morning,Car,24,3.5,40.2
566,12.2,Foggy,High,Morning,Car,8,3.9,46.7
567,8.5,Foggy,Medium,Morning,Bike,26,5.3,50.0
568,9.3,Rainy,Medium,Night,Bike,30,5.3,50.7
569,18.2,Foggy,Low,Afternoon,Scooter,21,0.6,62.7
570,7.6,Clear,Low,Evening,Bike,15,7.5,37.5
571,10.8,Rainy,High,Evening,Bike,8,1.6,57.7
572,15.9,Clear,Low,Night,Car,30,6.5,48.6
573,8.5,Clear,High,Evening,Bike,17,7.0,48.4
574,12.8,Clear,Medium,Morning,Car,24,6.4,42.8
575,17.4,Clear,Medium,Afternoon,Car,30,5.2,61.6
576,19.0,Rainy,High,Evening,Bike,21,0.1,75.8
577,3.8,Clear,Low,Afternoon,Scooter,13,3.2,21.3
578,18.6,Clear,Medium,Morning,Scooter,8,5.4,57.1
579,10.4,Foggy,Low,Evening,Bike,27,3.5,43.2
580,5.9,Rainy,Medium,Night,Scooter,18,7.8,39.7
581,9.7,Rainy,High,Afternoon,Car,23,2.8,55.0
582,19.6,Snowy,High,Morning,Car,30,2.6,72.1
583,10.4,Rainy,High,Afternoon,Bike,7,2.4,59.3
584,7.2,Rainy,Medium,Evening,Scooter,18,3.0,52.8
585,13.0,Snowy,Low,Evening,Scooter,12,5.0,49.2
586,5.6,Rainy,Low,Night,Car,28,6.4,28.5
587,2.4,Rainy,Low,Morning,Bike,5,6.0,25.5
588,3.4,Rainy,Medium,Morning,Scooter,14,7.3,27.6
589,3.4,Rainy,Medium,Night,Bike,22,8.0,33.1
590,3.9,Snowy,Medium,Night,Scooter,20,7.3,37.0
591,3.6,Rainy,Medium,Morning,Car,12,0.2,30.3
592,13.2,Rainy,Medium,Afternoon,Car,5,6.6,43.0
593,4.5,Snowy,Low,Afternoon,Bike,16,1.9,32.3
594,7.6,Foggy,Medium,Night,Car,12,1.2,34.5
595,18.0,Clear,Medium,Afternoon,Scooter,28,5.7,63.1
596,10.0,Foggy,Low,Morning,Car,20,2.9,36.0
597,13.7,Snowy,Medium,Evening,Bike,22,0.5,62.8
598,4.3,Clear,Low,Evening,Bike,8,1.2,28.8
599,4.7,Snowy,Low,Afternoon,Bike,10,0.0,29.8
600,1.8,Snowy,High,Night,Scooter,16,8.1,28.9
601,4.2,Rainy,High,Night,Scooter,13,0.2,45.3
602,6.3,Clear,High,Night,Scooter,19,1.9,40.2
603,4.4,Rainy,High,Night,Scooter,20,3.7,38.9
604,2.7,Clear,Medium,Night,Scooter,28,3.2,30.7
605,3.3,Snowy,High,Afternoon,Car,16,8.2,32.6
606,9.8,Snowy,Low,Evening,Scooter,28,0.4,55.6
607,4.9,Foggy,Medium,Evening,Scooter,27,4.6,43.3
608,7.9,Clear,High,Afternoon,Car,18,6.1,38.6
609,10.6,Rainy,Low,Night,Scooter,17,8.4,37.5
610,14.1,Foggy,Medium,Afternoon,Bike,29,5.6,65.1
611,1.7,Foggy,Medium,Evening,Scooter,6,7.2,19.0
612,16.2,Foggy,High,Morning,Scooter,7,0.8,61.4
613,12.9,Rainy,Medium,Afternoon,Bike,30,3.5,62.2
614,2.6,Foggy,,Night,Bike,28,3.4,29.0
615,17.6,Rainy,Medium,Evening,Bike,26,8.0,67.9
616,18.5,Foggy,Low,Evening,Bike,14,1.4,61.3
617,2.2,Rainy,Medium,Evening,Scooter,13,1.4,35.3
618,6.3,Snowy,High,Evening,Bike,30,3.0,53.3
619,16.3,Snowy,Low,Night,Bike,24,0.5,66.8
620,15.2,Snowy,Medium,Morning,Car,12,1.6,55.8
621,4.5,Snowy,Medium,Evening,Bike,14,8.7,35.4
622,5.0,Snowy,Medium,Afternoon,Bike,23,3.9,40.7
623,8.0,Foggy,Low,Morning,Car,7,5.7,30.5
624,10.2,Foggy,Low,Evening,Car,28,6.5,41.9
625,12.7,Foggy,Low,Morning,Scooter,9,3.3,39.6
626,8.0,Rainy,High,Afternoon,Car,7,1.3,46.1
627,9.8,Rainy,High,Evening,Scooter,30,1.9,58.8
628,15.2,Rainy,Low,Afternoon,Car,20,2.8,52.4
629,1.7,Rainy,Medium,Night,Car,21,5.7,27.9
630,5.8,Snowy,High,Evening,Scooter,19,3.6,49.3
631,14.6,Snowy,Low,Evening,Car,7,0.1,56.9
632,18.0,Snowy,Medium,Evening,Scooter,16,4.7,64.7
633,10.7,Clear,High,Evening,Car,13,8.3,43.0
634,11.1,Foggy,Medium,Night,Bike,25,7.3,49.3
635,3.0,Rainy,Medium,Evening,Car,16,7.4,30.4
636,9.5,Rainy,Medium,Morning,Scooter,30,7.2,52.6
637,11.1,Snowy,Medium,Evening,Car,19,2.9,52.8
638,5.6,Rainy,High,Night,Scooter,6,6.9,33.5
639,6.1,Rainy,High,Evening,Scooter,27,1.3,48.5
640,8.2,Foggy,High,Morning,Bike,22,5.9,49.7
641,1.4,Snowy,Low,Night,Bike,24,5.8,26.1
642,7.1,Foggy,High,Night,,16,0.2,47.8
643,5.0,Clear,Medium,Morning,Car,27,7.1,29.7
644,7.2,Clear,High,Morning,Scooter,8,8.1,33.5
645,3.3,Clear,Medium,Morning,Scooter,27,2.4,29.8
646,17.9,Snowy,Low,Morning,Car,20,7.3,50.3
647,12.3,Rainy,Medium,Morning,Car,27,0.7,61.0
648,13.9,Snowy,Medium,Night,Car,20,5.4,53.3
649,16.0,Snowy,Medium,Night,Car,5,4.4,52.5
650,10.5,Rainy,Low,Evening,Scooter,26,4.9,46.1
651,2.7,Foggy,High,Evening,Scooter,29,8.3,42.7
652,11.2,Clear,High,Afternoon,Bike,6,7.8,47.1
653,12.1,Foggy,Low,Evening,Scooter,7,7.1,38.5
654,15.2,Clear,Medium,Evening,Car,30,2.5,57.2
655,9.2,Snowy,High,Morning,Bike,25,8.2,51.8
656,3.4,Clear,Low,Morning,Car,29,0.9,28.4
657,6.4,Snowy,High,Evening,Scooter,24,7.7,49.6
658,7.9,Foggy,Low,Afternoon,Bike,21,3.0,41.8
659,13.3,Snowy,Medium,Morning,Car,24,0.5,62.2
660,11.8,Foggy,High,Evening,Bike,26,6.0,59.5
661,7.8,Rainy,Low,Evening,Bike,25,2.1,43.7
662,19.7,Rainy,High,Night,Scooter,5,2.2,66.9
663,12.5,Rainy,High,Afternoon,Car,24,2.8,53.7
664,5.5,Snowy,High,Night,Bike,10,0.6,46.7
665,2.9,Rainy,High,Afternoon,Bike,19,1.6,42.7
666,3.9,Clear,Low,Morning,Car,30,0.0,29.7
667,5.7,Foggy,Medium,Afternoon,Bike,30,4.0,44.1
668,4.1,Foggy,Low,Evening,Bike,18,0.8,38.8
669,4.5,Clear,Low,Evening,Bike,24,6.1,35.0
670,6.4,Snowy,Low,Afternoon,Car,19,2.1,35.6
671,4.3,Snowy,Medium,Afternoon,Car,18,8.5,33.1
672,18.0,Foggy,High,Afternoon,Car,29,7.8,70.2
673,2.5,Rainy,,Night,Car,25,2.6,37.4
674,11.0,Snowy,High,Afternoon,Scooter,28,7.0,58.5
675,8.8,Snowy,Medium,Morning,Bike,29,7.2,51.9
676,19.7,Clear,High,Night,Car,30,8.9,62.6
677,3.1,Clear,Medium,Night,Bike,9,5.4,24.5
678,8.6,Rainy,High,Afternoon,Bike,10,0.7,50.3
679,19.4,Snowy,High,Morning,Scooter,21,5.8,72.4
680,17.4,Snowy,Low,Night,Car,15,5.6,47.6
681,16.5,Clear,Medium,Evening,Car,20,5.7,53.0
682,5.9,Snowy,Low,Night,Bike,16,2.8,34.9
683,4.2,Foggy,Low,Afternoon,Car,19,7.7,26.9
684,13.7,Clear,Low,Morning,Bike,27,8.6,48.9
685,18.7,Rainy,Medium,Afternoon,Bike,8,2.0,68.1
686,11.6,Clear,Medium,Evening,Scooter,22,0.8,57.3
687,11.9,Snowy,High,Evening,Scooter,25,1.8,66.8
688,6.3,Rainy,Low,Evening,Scooter,7,7.4,29.9
689,15.6,Clear,High,Afternoon,Bike,26,6.1,61.7
690,4.6,Foggy,Low,Night,Car,12,5.7,27.5
691,7.1,Foggy,Medium,Afternoon,Scooter,27,3.6,40.9
692,9.1,Clear,Medium,Morning,Car,7,5.2,32.5
693,10.6,Foggy,Medium,Night,Scooter,12,2.8,46.9
694,5.6,Foggy,Low,Evening,Scooter,22,4.3,38.8
695,3.2,Foggy,Medium,Afternoon,Bike,14,7.1,26.9
696,12.6,Rainy,Low,Evening,Scooter,29,8.8,50.2
697,6.5,Foggy,High,Evening,Scooter,24,8.4,43.3
698,12.0,Foggy,Low,Morning,Bike,21,8.4,39.0
699,3.9,Foggy,High,Night,Car,12,3.6,32.1
700,10.1,Rainy,Low,Morning,Scooter,27,4.2,43.8
701,11.1,Clear,High,Morning,Bike,15,6.4,53.5
702,2.0,Snowy,Medium,Morning,Scooter,9,8.3,26.5
703,7.4,Foggy,High,Evening,Bike,30,1.3,58.1
704,3.6,Clear,Medium,Morning,Car,17,2.7,25.6
705,2.2,,Medium,Morning,Car,25,1.3,32.2
706,19.8,Rainy,High,Night,Bike,27,5.5,75.6
707,7.1,Clear,Low,Night,Bike,9,2.8,29.9
708,16.4,Rainy,Low,Morning,Bike,28,2.9,68.4
709,5.8,Foggy,Low,Night,Car,17,0.6,27.2
710,13.9,Foggy,Low,Night,Scooter,10,3.1,44.7
711,15.4,Rainy,Low,Morning,Car,9,7.8,45.3
712,12.3,Snowy,Medium,Evening,Bike,13,2.1,56.8
713,10.0,Rainy,Low,Morning,Bike,20,6.3,47.7
714,8.8,Foggy,Medium,Night,Car,6,5.7,34.7
715,7.6,Rainy,Medium,Evening,Bike,5,7.8,35.8
716,18.7,Snowy,Medium,Afternoon,Car,12,1.2,65.3
717,16.8,Rainy,High,Evening,Bike,23,8.8,67.5
718,19.3,Snowy,High,Night,Scooter,15,5.2,67.7
719,3.4,Snowy,Medium,Evening,Scooter,16,9.0,32.7
720,14.9,Rainy,High,Morning,Bike,16,8.2,63.7
721,18.8,Rainy,Low,Afternoon,Car,11,2.0,59.1
722,4.4,Clear,Low,Afternoon,Scooter,30,0.5,35.3
723,2.3,Foggy,Medium,Afternoon,Car,17,2.3,31.0
724,15.1,Snowy,Low,Night,Bike,12,4.7,53.2
725,11.9,Clear,Medium,Night,Car,26,1.5,45.0
726,17.0,Rainy,Medium,Afternoon,Scooter,30,1.5,69.6
727,3.7,Foggy,Low,Evening,Car,13,4.2,25.0
728,16.1,Clear,High,Afternoon,Car,11,0.3,60.8
729,4.8,Snowy,Low,Evening,Bike,30,1.1,44.0
730,4.1,Clear,Low,Evening,Bike,25,3.7,31.2
731,4.1,Snowy,Medium,Night,Bike,28,0.6,44.6
732,16.5,Rainy,Medium,Evening,Scooter,19,3.6,62.4
733,13.6,Foggy,Medium,Afternoon,Scooter,6,4.3,47.8
734,10.9,Foggy,Medium,Night,Bike,27,4.1,52.5
735,7.8,Foggy,High,Morning,Bike,24,7.8,46.8
736,17.7,Rainy,High,Morning,Scooter,29,4.8,75.3
737,8.5,Snowy,High,Night,Scooter,16,4.2,52.9
738,16.5,Rainy,Medium,Afternoon,Scooter,5,3.7,58.5
739,9.3,Foggy,Medium,Morning,Scooter,27,7.4,40.4
740,8.2,Rainy,Medium,Morning,Bike,26,8.1,43.5
741,9.8,Rainy,High,Evening,Scooter,12,7.7,48.3
742,6.7,Rainy,Medium,Evening,Bike,9,6.1,33.7
743,15.2,Snowy,Low,Afternoon,Car,19,1.2,52.9
744,10.6,Clear,Low,Night,Car,5,2.5,29.9
745,5.4,Clear,Medium,Afternoon,Scooter,5,0.4,29.9
746,18.1,Rainy,Low,Night,Car,29,8.4,56.4
747,8.3,Clear,Low,Morning,Car,14,5.9,23.9
748,11.3,Clear,High,Evening,Car,26,6.7,50.7
749,18.2,Rainy,Medium,Afternoon,Scooter,14,2.8,64.7
750,12.9,Rainy,Medium,Afternoon,Scooter,25,7.6,54.3
751,3.2,Foggy,High,Night,Car,19,2.3,35.8
752,18.9,Clear,Low,Night,Bike,21,0.0,63.3
753,12.9,Snowy,Low,Afternoon,Car,26,3.4,50.8
754,7.4,Rainy,Medium,Night,Scooter,10,5.1,36.3
755,3.6,Foggy,Low,Afternoon,Scooter,7,4.3,20.9
756,16.1,Snowy,High,Afternoon,Scooter,17,7.8,63.4
757,12.8,Clear,High,Afternoon,Car,20,0.9,52.0
758,11.1,Foggy,Medium,Morning,Bike,12,5.0,49.9
759,18.0,Rainy,High,Night,Scooter,19,4.6,66.8
760,16.0,Snowy,High,Evening,Scooter,21,2.5,75.2
761,3.9,Rainy,Medium,Evening,Car,21,7.4,33.7
762,6.9,Clear,High,Night,Bike,26,6.8,41.1
763,5.7,Snowy,High,Afternoon,Car,30,6.6,46.9
764,15.1,Clear,High,Evening,Scooter,17,7.9,60.5
765,1.6,Clear,Low,Evening,Bike,21,6.5,24.4
766,11.8,Foggy,Medium,Night,Bike,10,2.1,48.8
767,15.5,Rainy,Medium,Evening,Scooter,21,6.4,59.2
768,17.7,Snowy,Medium,Afternoon,Bike,20,2.8,70.0
769,7.5,Clear,Low,Night,,18,2.2,35.8
770,16.6,Clear,Low,Afternoon,Car,17,0.7,50.2
771,3.1,Snowy,Medium,Evening,Scooter,10,6.7,28.4
772,17.1,Clear,Low,Evening,Scooter,7,6.4,52.8
773,3.4,Foggy,Medium,Afternoon,Scooter,18,2.1,36.4
774,8.5,Foggy,Low,Morning,Scooter,18,6.7,33.9
775,16.1,Foggy,High,Evening,Scooter,19,8.3,64.4
776,3.8,Foggy,High,Morning,Bike,12,1.0,35.1
777,5.4,Clear,Medium,Evening,Car,19,2.1,29.3
778,14.7,Snowy,Low,Morning,Scooter,26,6.8,58.4
779,14.7,Snowy,Low,Morning,Car,17,2.5,52.2
780,13.2,Snowy,High,Morning,Car,21,5.6,57.5
781,14.2,Snowy,High,Afternoon,Bike,25,0.7,72.2
782,11.3,Rainy,Low,Morning,Scooter,28,4.1,58.7
783,5.8,Snowy,Low,Morning,Bike,7,6.7,32.6
784,7.6,Rainy,Low,Morning,Scooter,10,6.2,28.4
785,4.5,Rainy,Low,Evening,Bike,9,7.3,23.6
786,18.3,Foggy,Low,Morning,Car,26,7.9,59.0
787,12.1,Rainy,Low,Evening,Scooter,30,7.0,54.9
788,8.6,Clear,Medium,Morning,Car,21,6.0,38.4
789,9.8,Rainy,Low,Morning,Car,27,0.3,43.1
790,19.0,Foggy,High,Afternoon,Bike,29,4.8,78.2
791,3.9,Rainy,Medium,Evening,Scooter,6,0.3,32.5
792,12.1,Clear,Low,Morning,Car,30,7.3,44.1
793,10.6,Clear,High,Evening,Bike,19,2.9,58.4
794,12.6,Clear,Medium,Evening,Scooter,9,5.1,44.8
795,1.3,Foggy,High,Night,Scooter,30,2.5,41.6
796,17.6,Foggy,Low,Afternoon,Car,24,7.0,55.5
797,18.7,Snowy,Low,Afternoon,Scooter,10,8.0,57.8
798,11.7,Foggy,Low,Afternoon,Car,10,3.6,35.3
799,14.2,Clear,Low,Night,Scooter,22,7.8,45.2
800,18.5,Clear,Medium,Night,Bike,22,2.4,62.8
801,14.4,Foggy,Medium,Afternoon,Car,8,4.8,49.4
802,3.9,Rainy,High,Night,Car,21,7.7,37.9
803,11.9,Foggy,Low,Night,Scooter,29,2.9,50.6
804,12.5,Foggy,High,Night,Scooter,18,8.6,48.8
805,9.1,Clear,Medium,Afternoon,Car,18,1.1,43.2
806,15.0,Snowy,Low,Afternoon,Scooter,17,0.2,59.2
807,18.8,Clear,Low,Afternoon,Bike,11,8.1,59.1
808,18.6,Snowy,Medium,Night,Scooter,16,0.6,68.5
809,9.6,Clear,Medium,Afternoon,Bike,27,8.9,43.4
810,3.2,Foggy,Medium,Night,Bike,19,8.6,31.7
811,19.7,Clear,Medium,Morning,Bike,23,1.2,69.4
812,16.9,Clear,Medium,Night,Bike,15,4.8,56.6
813,3.4,Clear,Low,Evening,Bike,19,1.7,28.5
814,18.5,Foggy,Medium,Afternoon,Scooter,16,3.9,63.6
815,17.5,Foggy,Low,Afternoon,Bike,7,0.6,57.5
816,10.9,Foggy,Low,Evening,Scooter,21,2.0,48.4
817,12.2,Foggy,Medium,Night,Bike,7,3.3,45.4
818,8.6,Snowy,Medium,Morning,Car,23,3.9,46.2
819,2.0,Snowy,Low,Evening,Bike,24,8.8,28.2
820,7.4,Rainy,Medium,Evening,Car,8,7.3,30.8
821,16.3,Foggy,Medium,Night,Bike,7,6.6,55.2
822,1.1,Snowy,Medium,Afternoon,Bike,30,4.8,39.8
823,7.3,Clear,High,Night,Bike,20,7.6,37.3
824,8.6,Foggy,Low,Evening,Car,16,3.1,32.3
825,11.2,Rainy,High,Evening,Car,12,6.4,46.8
826,18.5,Rainy,Medium,Afternoon,Bike,28,8.9,67.9
827,7.6,Rainy,High,Afternoon,Scooter,21,2.8,53.6
828,7.6,Clear,Medium,Afternoon,Bike,11,6.1,35.6
829,15.0,Snowy,High,Night,Car,15,7.6,53.9
830,9.6,Clear,Medium,Afternoon,,22,8.2,43.9
831,5.3,Foggy,High,Evening,Car,5,6.5,32.8
832,9.6,Rainy,High,Evening,Car,7,2.6,43.1
833,3.7,Clear,High,Morning,Car,8,2.9,23.9
834,4.4,Clear,Low,Night,Bike,17,0.2,25.7
835,10.5,Snowy,High,Morning,Car,10,6.8,53.5
836,9.0,Snowy,Low,Evening,Car,30,0.4,52.7
837,18.4,Rainy,Medium,Morning,Bike,18,7.8,61.7
838,7.9,Clear,High,Evening,Car,9,1.1,45.1
839,12.0,Clear,Medium,Morning,Bike,20,1.5,50.3
840,13.0,Snowy,Medium,Afternoon,Car,19,4.3,56.6
841,1.2,Clear,High,Morning,Scooter,19,6.6,28.0
842,13.6,Clear,Low,Afternoon,Scooter,8,1.3,42.1
843,4.4,Clear,High,Afternoon,Car,12,4.0,33.5
844,19.3,Snowy,Medium,Night,Scooter,20,4.3,68.5
845,3.8,Rainy,Medium,Afternoon,Bike,20,1.9,40.7
846,8.9,Foggy,High,Afternoon,Scooter,8,1.0,48.1
847,2.6,Rainy,Low,Morning,Car,17,7.5,20.7
848,19.9,Foggy,Low,Evening,Car,30,4.5,69.1
849,10.5,Clear,Medium,Night,Bike,17,0.1,55.4
850,12.3,Rainy,Medium,Afternoon,Car,6,7.2,45.5
851,2.3,Foggy,Low,Night,Bike,7,8.8,17.6
852,15.2,Snowy,High,Morning,Scooter,26,5.5,66.3
853,5.0,Snowy,Medium,Afternoon,Scooter,12,4.5,35.7
854,18.1,Rainy,Low,Morning,Bike,28,7.9,58.5
855,4.9,Rainy,Medium,Night,Bike,19,8.6,36.0
856,4.6,Clear,High,Morning,Car,15,6.8,26.9
857,1.7,Rainy,Low,Night,Scooter,13,4.0,20.1
858,10.0,Clear,Medium,Morning,Bike,11,5.3,42.7
859,11.7,Clear,High,Night,Scooter,17,6.3,47.5
860,2.2,Snowy,Medium,Evening,Bike,6,1.7,32.5
861,15.7,Snowy,High,Morning,Scooter,12,4.0,59.6
862,9.6,Foggy,High,Morning,Car,11,7.5,44.7
863,11.0,Snowy,Low,Evening,Scooter,28,5.9,49.5
864,9.4,Snowy,High,Evening,Scooter,16,3.7,53.2
865,8.6,Rainy,Medium,Morning,Scooter,23,6.0,39.2
866,11.6,Snowy,High,Evening,Scooter,11,1.1,59.4
867,3.9,Foggy,High,Afternoon,Scooter,14,3.6,36.6
868,4.5,Rainy,Low,Night,Car,29,7.1,29.4
869,17.4,Foggy,High,Night,Bike,20,2.0,66.4
870,19.0,Snowy,High,Night,Scooter,7,1.7,70.9
871,8.1,Foggy,Medium,Afternoon,Car,14,8.6,28.9
872,6.1,Rainy,Low,Evening,Scooter,10,1.9,34.5
873,13.2,Clear,Low,Evening,Scooter,22,2.3,51.1
874,8.8,Foggy,Low,Morning,Bike,22,8.7,38.6
875,1.5,Foggy,High,Evening,Scooter,9,6.6,30.4
876,4.0,Rainy,Low,Morning,Car,25,6.3,30.0
877,14.6,Rainy,High,Afternoon,Car,11,7.7,57.4
878,13.5,Foggy,High,Night,Bike,6,1.0,55.8
879,1.5,Snowy,Medium,,Scooter,15,6.4,23.9
880,5.2,Foggy,Medium,Night,Car,17,4.5,32.7
881,5.4,Rainy,Medium,Evening,Scooter,27,7.5,40.6
882,13.8,Clear,Medium,Morning,Scooter,9,4.6,50.1
883,1.4,Clear,Medium,Morning,Scooter,10,5.6,18.2
884,3.0,Snowy,High,Afternoon,Bike,28,4.3,43.9
885,16.2,Foggy,High,Evening,Scooter,30,4.3,72.5
886,4.4,Clear,Low,Afternoon,Car,18,6.9,16.6
887,13.4,,High,Morning,Scooter,16,5.7,54.4
888,5.5,Rainy,High,Morning,Car,8,5.7,32.6
889,2.9,Clear,Medium,Night,Scooter,27,4.1,31.6
890,5.6,Snowy,High,Evening,Car,10,4.8,37.4
891,14.7,Rainy,Medium,Morning,Car,14,6.7,47.2
892,17.3,Snowy,Low,Night,Scooter,22,7.4,60.8
893,16.8,Rainy,Low,Evening,Scooter,19,6.3,57.7
894,8.5,Clear,High,Afternoon,Car,12,8.3,39.2
895,13.7,Snowy,Low,Evening,Bike,30,7.4,57.7
896,4.9,Snowy,High,Evening,Scooter,13,5.1,42.9
897,6.6,Rainy,Low,Morning,Bike,9,6.0,31.8
898,18.0,Snowy,Medium,Morning,Scooter,14,8.3,65.7
899,1.2,Rainy,Medium,Evening,Scooter,24,5.6,32.2
900,2.6,Rainy,Medium,Morning,Scooter,10,7.4,24.5
901,4.9,Rainy,Medium,Morning,Scooter,20,6.2,38.6
902,1.5,Rainy,High,Morning,Bike,28,5.0,38.6
903,4.4,Clear,Low,Night,Scooter,7,2.2,22.5
904,12.1,Rainy,High,Night,Car,14,3.8,53.7
905,9.0,Foggy,Medium,Evening,Car,15,8.7,37.0
906,18.0,Snowy,High,Morning,Bike,15,5.9,70.9
907,16.5,Foggy,Low,Night,Scooter,21,5.1,59.3
908,7.5,Clear,High,Evening,Car,8,8.4,37.4
909,5.9,Foggy,Low,Morning,Bike,8,5.3,29.6
910,8.2,Snowy,High,Afternoon,Scooter,21,4.7,51.2
911,12.2,,Low,Morning,Car,13,6.8,36.2
912,6.1,Clear,Low,Morning,Car,23,6.4,24.1
913,12.9,Rainy,Medium,Night,Bike,9,1.7,56.3
914,8.8,Foggy,Low,Evening,Scooter,26,4.2,48.8
915,11.5,Clear,Medium,Evening,Scooter,28,4.3,51.3
916,9.3,,Medium,Night,Car,10,3.4,35.3
917,6.6,Snowy,Medium,Morning,Car,7,4.7,33.6
918,19.0,Snowy,High,Afternoon,Car,26,3.7,78.2
919,15.5,Foggy,High,Morning,Scooter,5,1.8,59.5
920,3.7,Rainy,High,Morning,Bike,24,3.7,43.5
921,17.5,Clear,High,Afternoon,Bike,26,0.7,71.3
922,10.3,Foggy,Low,Night,Scooter,20,5.2,41.5
923,18.0,Clear,Low,Evening,Bike,27,7.7,59.7
924,16.2,Clear,High,Night,Car,15,6.5,54.2
925,9.1,Rainy,Low,Night,Bike,17,3.2,41.0
926,1.4,Rainy,Low,Morning,Bike,14,0.8,25.5
927,6.1,Foggy,Medium,Evening,Bike,7,1.8,36.6
928,11.3,Rainy,Medium,Evening,Car,13,4.9,48.2
929,13.0,Rainy,Medium,Night,Scooter,16,1.9,53.1
930,5.9,Foggy,Medium,Afternoon,Car,27,4.9,44.0
931,3.6,Rainy,Low,Night,Scooter,18,2.1,25.9
932,16.9,Snowy,High,Afternoon,Scooter,5,7.6,62.5
933,19.7,Clear,Low,Evening,Scooter,22,3.6,63.1
934,11.0,Clear,Low,Night,Bike,21,2.2,50.1
935,4.3,Clear,Low,Morning,Bike,13,7.3,24.7
936,6.2,Clear,Medium,Night,Scooter,13,3.1,33.4
937,1.3,Foggy,Medium,Evening,Scooter,27,1.0,36.8
938,18.4,Clear,Medium,Morning,Bike,14,5.1,57.8
939,3.2,Clear,High,Morning,Car,23,5.2,32.8
940,12.0,Clear,Low,Afternoon,Scooter,19,6.4,37.5
941,6.2,Clear,High,Morning,Car,9,2.2,30.3
942,11.5,Snowy,Medium,Morning,Bike,19,4.0,57.5
943,13.4,Clear,High,Night,Scooter,24,2.5,52.7
944,16.8,Snowy,Low,Evening,Car,27,0.7,63.9
945,4.9,Foggy,Low,Afternoon,Car,29,7.9,26.9
946,1.2,Rainy,Medium,Night,Car,6,6.6,15.7
947,3.6,Clear,Medium,Morning,Bike,17,2.7,32.6
948,18.1,Rainy,High,Morning,Bike,28,5.4,77.2
949,17.6,Rainy,Medium,Afternoon,Car,20,1.8,67.2
950,12.4,Foggy,Medium,Evening,Car,19,8.0,45.4
951,12.4,Rainy,Low,Afternoon,Bike,29,1.0,55.9
952,13.6,Snowy,Medium,Night,Car,14,0.0,66.0
953,4.3,Rainy,Medium,Afternoon,Car,18,4.5,31.8
954,18.4,Rainy,Low,Morning,Bike,14,5.2,56.1
955,9.0,Rainy,Low,Night,Car,29,5.2,37.6
956,8.3,Clear,High,Morning,Car,18,0.5,43.4
957,10.9,Clear,Medium,Evening,Car,30,2.8,50.0
958,1.9,Snowy,Low,Morning,Bike,27,4.5,31.8
959,4.2,Snowy,High,Morning,Car,13,1.9,38.1
960,15.0,Clear,High,Afternoon,Bike,29,7.9,63.1
961,2.6,Snowy,Medium,Morning,Bike,18,0.8,35.1
962,12.5,Clear,Medium,Night,Scooter,7,4.4,43.0
963,5.7,Foggy,High,Night,Scooter,24,6.2,42.2
964,8.4,Rainy,Low,Evening,Car,20,2.4,42.2
965,6.5,Rainy,High,Night,Bike,6,5.6,33.7
966,7.8,Snowy,Medium,Afternoon,Scooter,14,7.5,41.2
967,14.7,Clear,Low,Evening,Car,7,1.7,38.7
968,6.6,,Low,Night,Scooter,15,8.3,24.4
969,11.8,Snowy,High,Afternoon,Scooter,15,5.0,58.5
970,10.0,Clear,Medium,Night,Bike,25,2.7,51.2
971,13.6,Foggy,High,Night,Bike,25,3.9,63.7
972,18.8,Rainy,High,Morning,Scooter,26,2.8,77.0
973,14.9,Snowy,High,Night,Scooter,17,6.5,59.8
974,5.1,Snowy,Low,Night,Bike,11,7.2,27.4
975,1.6,Clear,Low,Afternoon,Car,27,7.5,27.6
976,6.0,Snowy,Medium,Afternoon,Bike,21,8.9,43.4
977,12.3,Foggy,Medium,Morning,Scooter,6,7.1,39.3
978,2.0,Clear,High,Night,Car,16,5.4,19.9
979,10.4,Clear,High,Morning,Scooter,29,3.1,53.0
980,12.3,Clear,High,Night,Car,14,4.9,49.8
981,7.4,Clear,Medium,Evening,Scooter,22,0.4,45.3
982,15.6,Foggy,Low,Evening,Car,26,6.7,47.4
983,3.0,Clear,Low,Morning,Car,15,4.0,18.3
984,2.4,Snowy,High,Morning,Scooter,20,0.2,41.9
985,14.8,Foggy,High,Morning,Car,21,0.6,54.8
986,10.4,Rainy,High,Afternoon,Bike,23,3.5,58.5
987,14.1,Rainy,High,Afternoon,Scooter,22,5.3,59.2
988,9.3,Snowy,Medium,Afternoon,Bike,7,4.2,39.8
989,5.7,,Low,Morning,Scooter,25,5.6,41.6
990,16.6,Foggy,High,Night,Car,30,4.3,62.7
991,16.2,Rainy,Medium,Evening,Car,20,6.0,57.2
992,14.2,Rainy,High,Morning,Car,10,2.0,53.7
993,6.2,Rainy,High,Afternoon,Scooter,29,1.0,52.3
994,12.2,Rainy,Low,Afternoon,Bike,16,5.4,52.8
995,7.9,Rainy,High,Morning,Bike,15,4.4,44.2
996,2.7,Clear,Low,Morning,Scooter,19,0.2,25.1
997,18.4,Snowy,Low,Afternoon,Scooter,19,3.4,63.8
998,3.6,Clear,Low,Night,Bike,20,1.0,26.2
999,19.1,Rainy,Medium,Afternoon,Bike,14,4.8,65.6
1000,9.5,Foggy,Medium,Afternoon,Bike,16,3.6,49.1
